[
  {
    "symbol": "BTCUSDT_240329",
    "pair": "BTCUSDT",
    "contractType": "CURRENT_QUARTER",
    "deliveryDate": 1711699200000,
    "onboardDate": 1695974400000,
    "status": "TRADING",
    "maintMarginPercent": "2.5000",
    "requiredMarginPercent": "5.0000",
    "baseAsset": "BTC",
    "quoteAsset": "USDT",
    "marginAsset": "USDT",
    "pricePrecision": 1,
    "quantityPrecision": 3,
    "baseAssetPrecision": 8,
    "quotePrecision": 8,
    "underlyingType": "COIN",
    "underlyingSubType": [],
    "settlePlan": 0,
    "triggerProtect": "0.0500",
    "liquidationFee": "0.010000",
    "marketTakeBound": "0.05",
    "maxMoveOrderLimit": 10000,
    "filters": [
      {
        "minPrice": "576.3",
        "tickSize": "0.1",
        "filterType": "PRICE_FILTER",
        "maxPrice": "1000000"
      },
      {
        "minQty": "0.001",
        "filterType": "LOT_SIZE",
        "stepSize": "0.001",
        "maxQty": "500"
      },
      {
        "minQty": "0.001",
        "filterType": "MARKET_LOT_SIZE",
        "stepSize": "0.001",
        "maxQty": "1"
      },
      { "filterType": "MAX_NUM_ORDERS", "limit": 200 },
      { "limit": 10, "filterType": "MAX_NUM_ALGO_ORDERS" },
      { "notional": "5", "filterType": "MIN_NOTIONAL" },
      {
        "multiplierDown": "0.9500",
        "filterType": "PERCENT_PRICE",
        "multiplierDecimal": "4",
        "multiplierUp": "1.0500"
      }
    ],
    "orderTypes": [
      "LIMIT",
      "MARKET",
      "STOP",
      "STOP_MARKET",
      "TAKE_PROFIT",
      "TAKE_PROFIT_MARKET",
      "TRAILING_STOP_MARKET"
    ],
    "timeInForce": ["GTC", "IOC", "FOK", "GTX", "GTD"]
  },
  {
    "symbol": "ETHUSDT_240329",
    "pair": "ETHUSDT",
    "contractType": "CURRENT_QUARTER",
    "deliveryDate": 1711699200000,
    "onboardDate": 1695974400000,
    "status": "TRADING",
    "maintMarginPercent": "2.5000",
    "requiredMarginPercent": "5.0000",
    "baseAsset": "ETH",
    "quoteAsset": "USDT",
    "marginAsset": "USDT",
    "pricePrecision": 2,
    "quantityPrecision": 3,
    "baseAssetPrecision": 8,
    "quotePrecision": 8,
    "underlyingType": "COIN",
    "underlyingSubType": [],
    "settlePlan": 0,
    "triggerProtect": "0.0500",
    "liquidationFee": "0.010000",
    "marketTakeBound": "0.05",
    "maxMoveOrderLimit": 10000,
    "filters": [
      {
        "tickSize": "0.01",
        "filterType": "PRICE_FILTER",
        "minPrice": "41.10",
        "maxPrice": "100000"
      },
      {
        "maxQty": "10000",
        "stepSize": "0.001",
        "minQty": "0.001",
        "filterType": "LOT_SIZE"
      },
      {
        "minQty": "0.001",
        "stepSize": "0.001",
        "filterType": "MARKET_LOT_SIZE",
        "maxQty": "10"
      },
      { "limit": 200, "filterType": "MAX_NUM_ORDERS" },
      { "filterType": "MAX_NUM_ALGO_ORDERS", "limit": 10 },
      { "filterType": "MIN_NOTIONAL", "notional": "5" },
      {
        "multiplierDown": "0.9500",
        "multiplierUp": "1.0500",
        "filterType": "PERCENT_PRICE",
        "multiplierDecimal": "4"
      }
    ],
    "orderTypes": [
      "LIMIT",
      "MARKET",
      "STOP",
      "STOP_MARKET",
      "TAKE_PROFIT",
      "TAKE_PROFIT_MARKET",
      "TRAILING_STOP_MARKET"
    ],
    "timeInForce": ["GTC", "IOC", "FOK", "GTX", "GTD"]
  },
  {
    "symbol": "BTCUSDT_240628",
    "pair": "BTCUSDT",
    "contractType": "NEXT_QUARTER",
    "deliveryDate": 1719561600000,
    "onboardDate": 1703836800000,
    "status": "TRADING",
    "maintMarginPercent": "2.5000",
    "requiredMarginPercent": "5.0000",
    "baseAsset": "BTC",
    "quoteAsset": "USDT",
    "marginAsset": "USDT",
    "pricePrecision": 1,
    "quantityPrecision": 3,
    "baseAssetPrecision": 8,
    "quotePrecision": 8,
    "underlyingType": "COIN",
    "underlyingSubType": [],
    "settlePlan": 0,
    "triggerProtect": "0.0500",
    "liquidationFee": "0.010000",
    "marketTakeBound": "0.05",
    "maxMoveOrderLimit": 10000,
    "filters": [
      {
        "filterType": "PRICE_FILTER",
        "maxPrice": "1000000",
        "minPrice": "576.3",
        "tickSize": "0.1"
      },
      {
        "maxQty": "500",
        "minQty": "0.001",
        "filterType": "LOT_SIZE",
        "stepSize": "0.001"
      },
      {
        "minQty": "0.001",
        "filterType": "MARKET_LOT_SIZE",
        "stepSize": "0.001",
        "maxQty": "1"
      },
      { "filterType": "MAX_NUM_ORDERS", "limit": 200 },
      { "limit": 10, "filterType": "MAX_NUM_ALGO_ORDERS" },
      { "notional": "5", "filterType": "MIN_NOTIONAL" },
      {
        "multiplierUp": "1.0500",
        "filterType": "PERCENT_PRICE",
        "multiplierDown": "0.9500",
        "multiplierDecimal": "4"
      }
    ],
    "orderTypes": [
      "LIMIT",
      "MARKET",
      "STOP",
      "STOP_MARKET",
      "TAKE_PROFIT",
      "TAKE_PROFIT_MARKET",
      "TRAILING_STOP_MARKET"
    ],
    "timeInForce": ["GTC", "IOC", "FOK", "GTX", "GTD"]
  },
  {
    "symbol": "ETHUSDT_240628",
    "pair": "ETHUSDT",
    "contractType": "NEXT_QUARTER",
    "deliveryDate": 1719561600000,
    "onboardDate": 1703836800000,
    "status": "TRADING",
    "maintMarginPercent": "2.5000",
    "requiredMarginPercent": "5.0000",
    "baseAsset": "ETH",
    "quoteAsset": "USDT",
    "marginAsset": "USDT",
    "pricePrecision": 2,
    "quantityPrecision": 3,
    "baseAssetPrecision": 8,
    "quotePrecision": 8,
    "underlyingType": "COIN",
    "underlyingSubType": [],
    "settlePlan": 0,
    "triggerProtect": "0.0500",
    "liquidationFee": "0.010000",
    "marketTakeBound": "0.05",
    "maxMoveOrderLimit": 10000,
    "filters": [
      {
        "filterType": "PRICE_FILTER",
        "minPrice": "41.10",
        "maxPrice": "100000",
        "tickSize": "0.01"
      },
      {
        "minQty": "0.001",
        "filterType": "LOT_SIZE",
        "maxQty": "10000",
        "stepSize": "0.001"
      },
      {
        "filterType": "MARKET_LOT_SIZE",
        "minQty": "0.001",
        "stepSize": "0.001",
        "maxQty": "10"
      },
      { "limit": 200, "filterType": "MAX_NUM_ORDERS" },
      { "filterType": "MAX_NUM_ALGO_ORDERS", "limit": 10 },
      { "notional": "5", "filterType": "MIN_NOTIONAL" },
      {
        "multiplierDecimal": "4",
        "filterType": "PERCENT_PRICE",
        "multiplierUp": "1.0500",
        "multiplierDown": "0.9500"
      }
    ],
    "orderTypes": [
      "LIMIT",
      "MARKET",
      "STOP",
      "STOP_MARKET",
      "TAKE_PROFIT",
      "TAKE_PROFIT_MARKET",
      "TRAILING_STOP_MARKET"
    ],
    "timeInForce": ["GTC", "IOC", "FOK", "GTX", "GTD"]
  }
]
