[
  {
    "symbol": "BTCUSD_240329",
    "pair": "BTCUSD",
    "contractType": "CURRENT_QUARTER",
    "deliveryDate": 1711699200000,
    "onboardDate": 1695974400000,
    "contractStatus": "TRADING",
    "contractSize": 100,
    "marginAsset": "BTC",
    "maintMarginPercent": "2.5000",
    "requiredMarginPercent": "5.0000",
    "baseAsset": "BTC",
    "quoteAsset": "USD",
    "pricePrecision": 1,
    "quantityPrecision": 0,
    "baseAssetPrecision": 8,
    "quotePrecision": 8,
    "equalQtyPrecision": 4,
    "maxMoveOrderLimit": 10000,
    "triggerProtect": "0.0500",
    "underlyingType": "COIN",
    "underlyingSubType": [],
    "filters": [
      {
        "minPrice": "1000",
        "maxPrice": "4671848",
        "filterType": "PRICE_FILTER",
        "tickSize": "0.1"
      },
      {
        "stepSize": "1",
        "filterType": "LOT_SIZE",
        "maxQty": "1000000",
        "minQty": "1"
      },
      {
        "stepSize": "1",
        "filterType": "MARKET_LOT_SIZE",
        "maxQty": "1000",
        "minQty": "1"
      },
      { "limit": 200, "filterType": "MAX_NUM_ORDERS" },
      { "limit": 20, "filterType": "MAX_NUM_ALGO_ORDERS" },
      {
        "multiplierDown": "0.9500",
        "multiplierUp": "1.0500",
        "multiplierDecimal": "4",
        "filterType": "PERCENT_PRICE"
      }
    ],
    "orderTypes": [
      "LIMIT",
      "MARKET",
      "STOP",
      "STOP_MARKET",
      "TAKE_PROFIT",
      "TAKE_PROFIT_MARKET",
      "TRAILING_STOP_MARKET"
    ],
    "timeInForce": ["GTC", "IOC", "FOK", "GTX"],
    "liquidationFee": "0.010000",
    "marketTakeBound": "0.05"
  },
  {
    "symbol": "BTCUSD_240628",
    "pair": "BTCUSD",
    "contractType": "NEXT_QUARTER",
    "deliveryDate": 1719561600000,
    "onboardDate": 1703836800000,
    "contractStatus": "TRADING",
    "contractSize": 100,
    "marginAsset": "BTC",
    "maintMarginPercent": "2.5000",
    "requiredMarginPercent": "5.0000",
    "baseAsset": "BTC",
    "quoteAsset": "USD",
    "pricePrecision": 1,
    "quantityPrecision": 0,
    "baseAssetPrecision": 8,
    "quotePrecision": 8,
    "equalQtyPrecision": 4,
    "maxMoveOrderLimit": 10000,
    "triggerProtect": "0.0500",
    "underlyingType": "COIN",
    "underlyingSubType": [],
    "filters": [
      {
        "minPrice": "1000",
        "maxPrice": "4671848",
        "filterType": "PRICE_FILTER",
        "tickSize": "0.1"
      },
      {
        "stepSize": "1",
        "filterType": "LOT_SIZE",
        "maxQty": "1000000",
        "minQty": "1"
      },
      {
        "stepSize": "1",
        "filterType": "MARKET_LOT_SIZE",
        "maxQty": "1000",
        "minQty": "1"
      },
      { "limit": 200, "filterType": "MAX_NUM_ORDERS" },
      { "limit": 20, "filterType": "MAX_NUM_ALGO_ORDERS" },
      {
        "multiplierDown": "0.9500",
        "multiplierUp": "1.0500",
        "multiplierDecimal": "4",
        "filterType": "PERCENT_PRICE"
      }
    ],
    "orderTypes": [
      "LIMIT",
      "MARKET",
      "STOP",
      "STOP_MARKET",
      "TAKE_PROFIT",
      "TAKE_PROFIT_MARKET",
      "TRAILING_STOP_MARKET"
    ],
    "timeInForce": ["GTC", "IOC", "FOK", "GTX"],
    "liquidationFee": "0.010000",
    "marketTakeBound": "0.05"
  },
  {
    "symbol": "ETHUSD_240329",
    "pair": "ETHUSD",
    "contractType": "CURRENT_QUARTER",
    "deliveryDate": 1711699200000,
    "onboardDate": 1695974400000,
    "contractStatus": "TRADING",
    "contractSize": 10,
    "marginAsset": "ETH",
    "maintMarginPercent": "2.5000",
    "requiredMarginPercent": "5.0000",
    "baseAsset": "ETH",
    "quoteAsset": "USD",
    "pricePrecision": 2,
    "quantityPrecision": 0,
    "baseAssetPrecision": 8,
    "quotePrecision": 8,
    "equalQtyPrecision": 4,
    "maxMoveOrderLimit": 10000,
    "triggerProtect": "0.0500",
    "underlyingType": "COIN",
    "underlyingSubType": [],
    "filters": [
      {
        "minPrice": "50",
        "maxPrice": "316265",
        "filterType": "PRICE_FILTER",
        "tickSize": "0.01"
      },
      {
        "stepSize": "1",
        "filterType": "LOT_SIZE",
        "maxQty": "1000000",
        "minQty": "1"
      },
      {
        "stepSize": "1",
        "filterType": "MARKET_LOT_SIZE",
        "maxQty": "5000",
        "minQty": "1"
      },
      { "limit": 200, "filterType": "MAX_NUM_ORDERS" },
      { "limit": 20, "filterType": "MAX_NUM_ALGO_ORDERS" },
      {
        "multiplierDown": "0.9500",
        "multiplierUp": "1.0500",
        "multiplierDecimal": "4",
        "filterType": "PERCENT_PRICE"
      }
    ],
    "orderTypes": [
      "LIMIT",
      "MARKET",
      "STOP",
      "STOP_MARKET",
      "TAKE_PROFIT",
      "TAKE_PROFIT_MARKET",
      "TRAILING_STOP_MARKET"
    ],
    "timeInForce": ["GTC", "IOC", "FOK", "GTX"],
    "liquidationFee": "0.010000",
    "marketTakeBound": "0.05"
  },
  {
    "symbol": "ETHUSD_240628",
    "pair": "ETHUSD",
    "contractType": "NEXT_QUARTER",
    "deliveryDate": 1719561600000,
    "onboardDate": 1703836800000,
    "contractStatus": "TRADING",
    "contractSize": 10,
    "marginAsset": "ETH",
    "maintMarginPercent": "2.5000",
    "requiredMarginPercent": "5.0000",
    "baseAsset": "ETH",
    "quoteAsset": "USD",
    "pricePrecision": 2,
    "quantityPrecision": 0,
    "baseAssetPrecision": 8,
    "quotePrecision": 8,
    "equalQtyPrecision": 4,
    "maxMoveOrderLimit": 10000,
    "triggerProtect": "0.0500",
    "underlyingType": "COIN",
    "underlyingSubType": [],
    "filters": [
      {
        "minPrice": "50",
        "maxPrice": "316265",
        "filterType": "PRICE_FILTER",
        "tickSize": "0.01"
      },
      {
        "stepSize": "1",
        "filterType": "LOT_SIZE",
        "maxQty": "1000000",
        "minQty": "1"
      },
      {
        "stepSize": "1",
        "filterType": "MARKET_LOT_SIZE",
        "maxQty": "5000",
        "minQty": "1"
      },
      { "limit": 200, "filterType": "MAX_NUM_ORDERS" },
      { "limit": 20, "filterType": "MAX_NUM_ALGO_ORDERS" },
      {
        "multiplierDown": "0.9500",
        "multiplierUp": "1.0500",
        "multiplierDecimal": "4",
        "filterType": "PERCENT_PRICE"
      }
    ],
    "orderTypes": [
      "LIMIT",
      "MARKET",
      "STOP",
      "STOP_MARKET",
      "TAKE_PROFIT",
      "TAKE_PROFIT_MARKET",
      "TRAILING_STOP_MARKET"
    ],
    "timeInForce": ["GTC", "IOC", "FOK", "GTX"],
    "liquidationFee": "0.010000",
    "marketTakeBound": "0.05"
  },
  {
    "symbol": "GALAUSD_PERP",
    "pair": "GALAUSD",
    "contractType": "PERPETUAL DELIVERING",
    "deliveryDate": 1672045200000,
    "onboardDate": 1638342000000,
    "contractStatus": "DELIVERING",
    "contractSize": 10,
    "marginAsset": "GALA",
    "maintMarginPercent": "2.5000",
    "requiredMarginPercent": "5.0000",
    "baseAsset": "GALA",
    "quoteAsset": "USD",
    "pricePrecision": 5,
    "quantityPrecision": 0,
    "baseAssetPrecision": 8,
    "quotePrecision": 8,
    "equalQtyPrecision": 4,
    "maxMoveOrderLimit": 10000,
    "triggerProtect": "0.0500",
    "underlyingType": "COIN",
    "underlyingSubType": ["Metaverse"],
    "filters": [
      {
        "minPrice": "0.00001",
        "maxPrice": "5",
        "filterType": "PRICE_FILTER",
        "tickSize": "0.00001"
      },
      {
        "stepSize": "1",
        "filterType": "LOT_SIZE",
        "maxQty": "100000",
        "minQty": "1"
      },
      {
        "stepSize": "1",
        "filterType": "MARKET_LOT_SIZE",
        "maxQty": "5000",
        "minQty": "1"
      },
      { "limit": 200, "filterType": "MAX_NUM_ORDERS" },
      { "limit": 20, "filterType": "MAX_NUM_ALGO_ORDERS" },
      {
        "multiplierDown": "0.9500",
        "multiplierUp": "1.0500",
        "multiplierDecimal": "4",
        "filterType": "PERCENT_PRICE"
      }
    ],
    "orderTypes": [
      "LIMIT",
      "MARKET",
      "STOP",
      "STOP_MARKET",
      "TAKE_PROFIT",
      "TAKE_PROFIT_MARKET",
      "TRAILING_STOP_MARKET"
    ],
    "timeInForce": ["GTC", "IOC", "FOK", "GTX"],
    "liquidationFee": "0.025000",
    "marketTakeBound": "0.05"
  },
  {
    "symbol": "VETUSD_PERP",
    "pair": "VETUSD",
    "contractType": "PERPETUAL DELIVERING",
    "deliveryDate": 1672045200000,
    "onboardDate": 1648537200000,
    "contractStatus": "DELIVERING",
    "contractSize": 10,
    "marginAsset": "VET",
    "maintMarginPercent": "2.5000",
    "requiredMarginPercent": "5.0000",
    "baseAsset": "VET",
    "quoteAsset": "USD",
    "pricePrecision": 6,
    "quantityPrecision": 0,
    "baseAssetPrecision": 8,
    "quotePrecision": 8,
    "equalQtyPrecision": 4,
    "maxMoveOrderLimit": 10000,
    "triggerProtect": "0.0500",
    "underlyingType": "COIN",
    "underlyingSubType": ["Layer-1"],
    "filters": [
      {
        "minPrice": "0.000010",
        "maxPrice": "10000",
        "filterType": "PRICE_FILTER",
        "tickSize": "0.000010"
      },
      {
        "stepSize": "1",
        "filterType": "LOT_SIZE",
        "maxQty": "100000",
        "minQty": "1"
      },
      {
        "stepSize": "1",
        "filterType": "MARKET_LOT_SIZE",
        "maxQty": "150",
        "minQty": "1"
      },
      { "limit": 200, "filterType": "MAX_NUM_ORDERS" },
      { "limit": 20, "filterType": "MAX_NUM_ALGO_ORDERS" },
      {
        "multiplierDown": "0.9500",
        "multiplierUp": "1.0500",
        "multiplierDecimal": "4",
        "filterType": "PERCENT_PRICE"
      }
    ],
    "orderTypes": [
      "LIMIT",
      "MARKET",
      "STOP",
      "STOP_MARKET",
      "TAKE_PROFIT",
      "TAKE_PROFIT_MARKET",
      "TRAILING_STOP_MARKET"
    ],
    "timeInForce": ["GTC", "IOC", "FOK", "GTX"],
    "liquidationFee": "0.010000",
    "marketTakeBound": "0.05"
  },
  {
    "symbol": "ZILUSD_PERP",
    "pair": "ZILUSD",
    "contractType": "PERPETUAL DELIVERING",
    "deliveryDate": 1672045200000,
    "onboardDate": 1649228400000,
    "contractStatus": "DELIVERING",
    "contractSize": 10,
    "marginAsset": "ZIL",
    "maintMarginPercent": "2.5000",
    "requiredMarginPercent": "5.0000",
    "baseAsset": "ZIL",
    "quoteAsset": "USD",
    "pricePrecision": 6,
    "quantityPrecision": 0,
    "baseAssetPrecision": 8,
    "quotePrecision": 8,
    "equalQtyPrecision": 4,
    "maxMoveOrderLimit": 10000,
    "triggerProtect": "0.1200",
    "underlyingType": "COIN",
    "underlyingSubType": ["Layer-1"],
    "filters": [
      {
        "minPrice": "0.000010",
        "maxPrice": "10000",
        "filterType": "PRICE_FILTER",
        "tickSize": "0.000010"
      },
      {
        "stepSize": "1",
        "filterType": "LOT_SIZE",
        "maxQty": "100000",
        "minQty": "1"
      },
      {
        "stepSize": "1",
        "filterType": "MARKET_LOT_SIZE",
        "maxQty": "1000",
        "minQty": "1"
      },
      { "limit": 200, "filterType": "MAX_NUM_ORDERS" },
      { "limit": 20, "filterType": "MAX_NUM_ALGO_ORDERS" },
      {
        "multiplierDown": "0.8800",
        "multiplierUp": "1.1200",
        "multiplierDecimal": "4",
        "filterType": "PERCENT_PRICE"
      }
    ],
    "orderTypes": [
      "LIMIT",
      "MARKET",
      "STOP",
      "STOP_MARKET",
      "TAKE_PROFIT",
      "TAKE_PROFIT_MARKET",
      "TRAILING_STOP_MARKET"
    ],
    "timeInForce": ["GTC", "IOC", "FOK", "GTX"],
    "liquidationFee": "0.020000",
    "marketTakeBound": "0.12"
  },
  {
    "symbol": "ADAUSD_240329",
    "pair": "ADAUSD",
    "contractType": "CURRENT_QUARTER",
    "deliveryDate": 1711699200000,
    "onboardDate": 1695974400000,
    "contractStatus": "TRADING",
    "contractSize": 10,
    "marginAsset": "ADA",
    "maintMarginPercent": "2.5000",
    "requiredMarginPercent": "5.0000",
    "baseAsset": "ADA",
    "quoteAsset": "USD",
    "pricePrecision": 5,
    "quantityPrecision": 0,
    "baseAssetPrecision": 8,
    "quotePrecision": 8,
    "equalQtyPrecision": 4,
    "maxMoveOrderLimit": 10000,
    "triggerProtect": "0.0500",
    "underlyingType": "COIN",
    "underlyingSubType": [],
    "filters": [
      {
        "minPrice": "0.01700",
        "maxPrice": "205",
        "filterType": "PRICE_FILTER",
        "tickSize": "0.00010"
      },
      {
        "stepSize": "1",
        "filterType": "LOT_SIZE",
        "maxQty": "1000000",
        "minQty": "1"
      },
      {
        "stepSize": "1",
        "filterType": "MARKET_LOT_SIZE",
        "maxQty": "5000",
        "minQty": "1"
      },
      { "limit": 200, "filterType": "MAX_NUM_ORDERS" },
      { "limit": 20, "filterType": "MAX_NUM_ALGO_ORDERS" },
      {
        "multiplierDown": "0.9500",
        "multiplierUp": "1.0500",
        "multiplierDecimal": "4",
        "filterType": "PERCENT_PRICE"
      }
    ],
    "orderTypes": [
      "LIMIT",
      "MARKET",
      "STOP",
      "STOP_MARKET",
      "TAKE_PROFIT",
      "TAKE_PROFIT_MARKET",
      "TRAILING_STOP_MARKET"
    ],
    "timeInForce": ["GTC", "IOC", "FOK", "GTX"],
    "liquidationFee": "0.010000",
    "marketTakeBound": "0.05"
  },
  {
    "symbol": "LINKUSD_240329",
    "pair": "LINKUSD",
    "contractType": "CURRENT_QUARTER",
    "deliveryDate": 1711699200000,
    "onboardDate": 1695974400000,
    "contractStatus": "TRADING",
    "contractSize": 10,
    "marginAsset": "LINK",
    "maintMarginPercent": "2.5000",
    "requiredMarginPercent": "5.0000",
    "baseAsset": "LINK",
    "quoteAsset": "USD",
    "pricePrecision": 3,
    "quantityPrecision": 0,
    "baseAssetPrecision": 8,
    "quotePrecision": 8,
    "equalQtyPrecision": 4,
    "maxMoveOrderLimit": 10000,
    "triggerProtect": "0.0500",
    "underlyingType": "COIN",
    "underlyingSubType": [],
    "filters": [
      {
        "minPrice": "0.500",
        "maxPrice": "2737",
        "filterType": "PRICE_FILTER",
        "tickSize": "0.001"
      },
      {
        "stepSize": "1",
        "filterType": "LOT_SIZE",
        "maxQty": "1000000",
        "minQty": "1"
      },
      {
        "stepSize": "1",
        "filterType": "MARKET_LOT_SIZE",
        "maxQty": "5000",
        "minQty": "1"
      },
      { "limit": 200, "filterType": "MAX_NUM_ORDERS" },
      { "limit": 20, "filterType": "MAX_NUM_ALGO_ORDERS" },
      {
        "multiplierDown": "0.9500",
        "multiplierUp": "1.0500",
        "multiplierDecimal": "4",
        "filterType": "PERCENT_PRICE"
      }
    ],
    "orderTypes": [
      "LIMIT",
      "MARKET",
      "STOP",
      "STOP_MARKET",
      "TAKE_PROFIT",
      "TAKE_PROFIT_MARKET",
      "TRAILING_STOP_MARKET"
    ],
    "timeInForce": ["GTC", "IOC", "FOK", "GTX"],
    "liquidationFee": "0.010000",
    "marketTakeBound": "0.05"
  },
  {
    "symbol": "BCHUSD_240329",
    "pair": "BCHUSD",
    "contractType": "CURRENT_QUARTER",
    "deliveryDate": 1711699200000,
    "onboardDate": 1695974400000,
    "contractStatus": "TRADING",
    "contractSize": 10,
    "marginAsset": "BCH",
    "maintMarginPercent": "2.5000",
    "requiredMarginPercent": "5.0000",
    "baseAsset": "BCH",
    "quoteAsset": "USD",
    "pricePrecision": 2,
    "quantityPrecision": 0,
    "baseAssetPrecision": 8,
    "quotePrecision": 8,
    "equalQtyPrecision": 4,
    "maxMoveOrderLimit": 10000,
    "triggerProtect": "0.0500",
    "underlyingType": "COIN",
    "underlyingSubType": [],
    "filters": [
      {
        "minPrice": "14.40",
        "maxPrice": "66208",
        "filterType": "PRICE_FILTER",
        "tickSize": "0.01"
      },
      {
        "stepSize": "1",
        "filterType": "LOT_SIZE",
        "maxQty": "1000000",
        "minQty": "1"
      },
      {
        "stepSize": "1",
        "filterType": "MARKET_LOT_SIZE",
        "maxQty": "5000",
        "minQty": "1"
      },
      { "limit": 200, "filterType": "MAX_NUM_ORDERS" },
      { "limit": 20, "filterType": "MAX_NUM_ALGO_ORDERS" },
      {
        "multiplierDown": "0.9500",
        "multiplierUp": "1.0500",
        "multiplierDecimal": "4",
        "filterType": "PERCENT_PRICE"
      }
    ],
    "orderTypes": [
      "LIMIT",
      "MARKET",
      "STOP",
      "STOP_MARKET",
      "TAKE_PROFIT",
      "TAKE_PROFIT_MARKET",
      "TRAILING_STOP_MARKET"
    ],
    "timeInForce": ["GTC", "IOC", "FOK", "GTX"],
    "liquidationFee": "0.010000",
    "marketTakeBound": "0.05"
  },
  {
    "symbol": "DOTUSD_240329",
    "pair": "DOTUSD",
    "contractType": "CURRENT_QUARTER",
    "deliveryDate": 1711699200000,
    "onboardDate": 1695974400000,
    "contractStatus": "TRADING",
    "contractSize": 10,
    "marginAsset": "DOT",
    "maintMarginPercent": "2.5000",
    "requiredMarginPercent": "5.0000",
    "baseAsset": "DOT",
    "quoteAsset": "USD",
    "pricePrecision": 3,
    "quantityPrecision": 0,
    "baseAssetPrecision": 8,
    "quotePrecision": 8,
    "equalQtyPrecision": 4,
    "maxMoveOrderLimit": 10000,
    "triggerProtect": "0.0500",
    "underlyingType": "COIN",
    "underlyingSubType": [],
    "filters": [
      {
        "minPrice": "0.400",
        "maxPrice": "3000",
        "filterType": "PRICE_FILTER",
        "tickSize": "0.001"
      },
      {
        "stepSize": "1",
        "filterType": "LOT_SIZE",
        "maxQty": "1000000",
        "minQty": "1"
      },
      {
        "stepSize": "1",
        "filterType": "MARKET_LOT_SIZE",
        "maxQty": "5000",
        "minQty": "1"
      },
      { "limit": 200, "filterType": "MAX_NUM_ORDERS" },
      { "limit": 20, "filterType": "MAX_NUM_ALGO_ORDERS" },
      {
        "multiplierDown": "0.9500",
        "multiplierUp": "1.0500",
        "multiplierDecimal": "4",
        "filterType": "PERCENT_PRICE"
      }
    ],
    "orderTypes": [
      "LIMIT",
      "MARKET",
      "STOP",
      "STOP_MARKET",
      "TAKE_PROFIT",
      "TAKE_PROFIT_MARKET",
      "TRAILING_STOP_MARKET"
    ],
    "timeInForce": ["GTC", "IOC", "FOK", "GTX"],
    "liquidationFee": "0.010000",
    "marketTakeBound": "0.05"
  },
  {
    "symbol": "XRPUSD_240329",
    "pair": "XRPUSD",
    "contractType": "CURRENT_QUARTER",
    "deliveryDate": 1711699200000,
    "onboardDate": 1695974400000,
    "contractStatus": "TRADING",
    "contractSize": 10,
    "marginAsset": "XRP",
    "maintMarginPercent": "2.5000",
    "requiredMarginPercent": "5.0000",
    "baseAsset": "XRP",
    "quoteAsset": "USD",
    "pricePrecision": 4,
    "quantityPrecision": 0,
    "baseAssetPrecision": 8,
    "quotePrecision": 8,
    "equalQtyPrecision": 4,
    "maxMoveOrderLimit": 10000,
    "triggerProtect": "0.0500",
    "underlyingType": "COIN",
    "underlyingSubType": [],
    "filters": [
      {
        "minPrice": "0.0150",
        "maxPrice": "115",
        "filterType": "PRICE_FILTER",
        "tickSize": "0.0001"
      },
      {
        "stepSize": "1",
        "filterType": "LOT_SIZE",
        "maxQty": "100000",
        "minQty": "1"
      },
      {
        "stepSize": "1",
        "filterType": "MARKET_LOT_SIZE",
        "maxQty": "2000",
        "minQty": "1"
      },
      { "limit": 200, "filterType": "MAX_NUM_ORDERS" },
      { "limit": 20, "filterType": "MAX_NUM_ALGO_ORDERS" },
      {
        "multiplierDown": "0.9500",
        "multiplierUp": "1.0500",
        "multiplierDecimal": "4",
        "filterType": "PERCENT_PRICE"
      }
    ],
    "orderTypes": [
      "LIMIT",
      "MARKET",
      "STOP",
      "STOP_MARKET",
      "TAKE_PROFIT",
      "TAKE_PROFIT_MARKET",
      "TRAILING_STOP_MARKET"
    ],
    "timeInForce": ["GTC", "IOC", "FOK", "GTX"],
    "liquidationFee": "0.010000",
    "marketTakeBound": "0.05"
  },
  {
    "symbol": "LTCUSD_240329",
    "pair": "LTCUSD",
    "contractType": "CURRENT_QUARTER",
    "deliveryDate": 1711699200000,
    "onboardDate": 1695974400000,
    "contractStatus": "TRADING",
    "contractSize": 10,
    "marginAsset": "LTC",
    "maintMarginPercent": "2.5000",
    "requiredMarginPercent": "5.0000",
    "baseAsset": "LTC",
    "quoteAsset": "USD",
    "pricePrecision": 2,
    "quantityPrecision": 0,
    "baseAssetPrecision": 8,
    "quotePrecision": 8,
    "equalQtyPrecision": 4,
    "maxMoveOrderLimit": 10000,
    "triggerProtect": "0.0500",
    "underlyingType": "COIN",
    "underlyingSubType": [],
    "filters": [
      {
        "minPrice": "3.80",
        "maxPrice": "17562",
        "filterType": "PRICE_FILTER",
        "tickSize": "0.01"
      },
      {
        "stepSize": "1",
        "filterType": "LOT_SIZE",
        "maxQty": "1000000",
        "minQty": "1"
      },
      {
        "stepSize": "1",
        "filterType": "MARKET_LOT_SIZE",
        "maxQty": "5000",
        "minQty": "1"
      },
      { "limit": 200, "filterType": "MAX_NUM_ORDERS" },
      { "limit": 20, "filterType": "MAX_NUM_ALGO_ORDERS" },
      {
        "multiplierDown": "0.9500",
        "multiplierUp": "1.0500",
        "multiplierDecimal": "4",
        "filterType": "PERCENT_PRICE"
      }
    ],
    "orderTypes": [
      "LIMIT",
      "MARKET",
      "STOP",
      "STOP_MARKET",
      "TAKE_PROFIT",
      "TAKE_PROFIT_MARKET",
      "TRAILING_STOP_MARKET"
    ],
    "timeInForce": ["GTC", "IOC", "FOK", "GTX"],
    "liquidationFee": "0.010000",
    "marketTakeBound": "0.05"
  },
  {
    "symbol": "BNBUSD_240329",
    "pair": "BNBUSD",
    "contractType": "CURRENT_QUARTER",
    "deliveryDate": 1711699200000,
    "onboardDate": 1695974400000,
    "contractStatus": "TRADING",
    "contractSize": 10,
    "marginAsset": "BNB",
    "maintMarginPercent": "2.5000",
    "requiredMarginPercent": "5.0000",
    "baseAsset": "BNB",
    "quoteAsset": "USD",
    "pricePrecision": 3,
    "quantityPrecision": 0,
    "baseAssetPrecision": 8,
    "quotePrecision": 8,
    "equalQtyPrecision": 4,
    "maxMoveOrderLimit": 10000,
    "triggerProtect": "0.0500",
    "underlyingType": "COIN",
    "underlyingSubType": [],
    "filters": [
      {
        "minPrice": "7",
        "maxPrice": "41461",
        "filterType": "PRICE_FILTER",
        "tickSize": "0.010"
      },
      {
        "stepSize": "1",
        "filterType": "LOT_SIZE",
        "maxQty": "1000000",
        "minQty": "1"
      },
      {
        "stepSize": "1",
        "filterType": "MARKET_LOT_SIZE",
        "maxQty": "5000",
        "minQty": "1"
      },
      { "limit": 200, "filterType": "MAX_NUM_ORDERS" },
      { "limit": 20, "filterType": "MAX_NUM_ALGO_ORDERS" },
      {
        "multiplierDown": "0.9500",
        "multiplierUp": "1.0500",
        "multiplierDecimal": "4",
        "filterType": "PERCENT_PRICE"
      }
    ],
    "orderTypes": [
      "LIMIT",
      "MARKET",
      "STOP",
      "STOP_MARKET",
      "TAKE_PROFIT",
      "TAKE_PROFIT_MARKET",
      "TRAILING_STOP_MARKET"
    ],
    "timeInForce": ["GTC", "IOC", "FOK", "GTX"],
    "liquidationFee": "0.010000",
    "marketTakeBound": "0.05"
  },
  {
    "symbol": "ADAUSD_240628",
    "pair": "ADAUSD",
    "contractType": "NEXT_QUARTER",
    "deliveryDate": 1719561600000,
    "onboardDate": 1703836800000,
    "contractStatus": "TRADING",
    "contractSize": 10,
    "marginAsset": "ADA",
    "maintMarginPercent": "2.5000",
    "requiredMarginPercent": "5.0000",
    "baseAsset": "ADA",
    "quoteAsset": "USD",
    "pricePrecision": 5,
    "quantityPrecision": 0,
    "baseAssetPrecision": 8,
    "quotePrecision": 8,
    "equalQtyPrecision": 4,
    "maxMoveOrderLimit": 10000,
    "triggerProtect": "0.0500",
    "underlyingType": "COIN",
    "underlyingSubType": [],
    "filters": [
      {
        "minPrice": "0.01700",
        "maxPrice": "205",
        "filterType": "PRICE_FILTER",
        "tickSize": "0.00010"
      },
      {
        "stepSize": "1",
        "filterType": "LOT_SIZE",
        "maxQty": "1000000",
        "minQty": "1"
      },
      {
        "stepSize": "1",
        "filterType": "MARKET_LOT_SIZE",
        "maxQty": "5000",
        "minQty": "1"
      },
      { "limit": 200, "filterType": "MAX_NUM_ORDERS" },
      { "limit": 20, "filterType": "MAX_NUM_ALGO_ORDERS" },
      {
        "multiplierDown": "0.9500",
        "multiplierUp": "1.0500",
        "multiplierDecimal": "4",
        "filterType": "PERCENT_PRICE"
      }
    ],
    "orderTypes": [
      "LIMIT",
      "MARKET",
      "STOP",
      "STOP_MARKET",
      "TAKE_PROFIT",
      "TAKE_PROFIT_MARKET",
      "TRAILING_STOP_MARKET"
    ],
    "timeInForce": ["GTC", "IOC", "FOK", "GTX"],
    "liquidationFee": "0.010000",
    "marketTakeBound": "0.05"
  },
  {
    "symbol": "LINKUSD_240628",
    "pair": "LINKUSD",
    "contractType": "NEXT_QUARTER",
    "deliveryDate": 1719561600000,
    "onboardDate": 1703836800000,
    "contractStatus": "TRADING",
    "contractSize": 10,
    "marginAsset": "LINK",
    "maintMarginPercent": "2.5000",
    "requiredMarginPercent": "5.0000",
    "baseAsset": "LINK",
    "quoteAsset": "USD",
    "pricePrecision": 3,
    "quantityPrecision": 0,
    "baseAssetPrecision": 8,
    "quotePrecision": 8,
    "equalQtyPrecision": 4,
    "maxMoveOrderLimit": 10000,
    "triggerProtect": "0.0500",
    "underlyingType": "COIN",
    "underlyingSubType": [],
    "filters": [
      {
        "minPrice": "0.500",
        "maxPrice": "2737",
        "filterType": "PRICE_FILTER",
        "tickSize": "0.001"
      },
      {
        "stepSize": "1",
        "filterType": "LOT_SIZE",
        "maxQty": "1000000",
        "minQty": "1"
      },
      {
        "stepSize": "1",
        "filterType": "MARKET_LOT_SIZE",
        "maxQty": "5000",
        "minQty": "1"
      },
      { "limit": 200, "filterType": "MAX_NUM_ORDERS" },
      { "limit": 20, "filterType": "MAX_NUM_ALGO_ORDERS" },
      {
        "multiplierDown": "0.9500",
        "multiplierUp": "1.0500",
        "multiplierDecimal": "4",
        "filterType": "PERCENT_PRICE"
      }
    ],
    "orderTypes": [
      "LIMIT",
      "MARKET",
      "STOP",
      "STOP_MARKET",
      "TAKE_PROFIT",
      "TAKE_PROFIT_MARKET",
      "TRAILING_STOP_MARKET"
    ],
    "timeInForce": ["GTC", "IOC", "FOK", "GTX"],
    "liquidationFee": "0.010000",
    "marketTakeBound": "0.05"
  },
  {
    "symbol": "BCHUSD_240628",
    "pair": "BCHUSD",
    "contractType": "NEXT_QUARTER",
    "deliveryDate": 1719561600000,
    "onboardDate": 1703836800000,
    "contractStatus": "TRADING",
    "contractSize": 10,
    "marginAsset": "BCH",
    "maintMarginPercent": "2.5000",
    "requiredMarginPercent": "5.0000",
    "baseAsset": "BCH",
    "quoteAsset": "USD",
    "pricePrecision": 2,
    "quantityPrecision": 0,
    "baseAssetPrecision": 8,
    "quotePrecision": 8,
    "equalQtyPrecision": 4,
    "maxMoveOrderLimit": 10000,
    "triggerProtect": "0.0500",
    "underlyingType": "COIN",
    "underlyingSubType": [],
    "filters": [
      {
        "minPrice": "14.40",
        "maxPrice": "66208",
        "filterType": "PRICE_FILTER",
        "tickSize": "0.01"
      },
      {
        "stepSize": "1",
        "filterType": "LOT_SIZE",
        "maxQty": "1000000",
        "minQty": "1"
      },
      {
        "stepSize": "1",
        "filterType": "MARKET_LOT_SIZE",
        "maxQty": "5000",
        "minQty": "1"
      },
      { "limit": 200, "filterType": "MAX_NUM_ORDERS" },
      { "limit": 20, "filterType": "MAX_NUM_ALGO_ORDERS" },
      {
        "multiplierDown": "0.9500",
        "multiplierUp": "1.0500",
        "multiplierDecimal": "4",
        "filterType": "PERCENT_PRICE"
      }
    ],
    "orderTypes": [
      "LIMIT",
      "MARKET",
      "STOP",
      "STOP_MARKET",
      "TAKE_PROFIT",
      "TAKE_PROFIT_MARKET",
      "TRAILING_STOP_MARKET"
    ],
    "timeInForce": ["GTC", "IOC", "FOK", "GTX"],
    "liquidationFee": "0.010000",
    "marketTakeBound": "0.05"
  },
  {
    "symbol": "DOTUSD_240628",
    "pair": "DOTUSD",
    "contractType": "NEXT_QUARTER",
    "deliveryDate": 1719561600000,
    "onboardDate": 1703836800000,
    "contractStatus": "TRADING",
    "contractSize": 10,
    "marginAsset": "DOT",
    "maintMarginPercent": "2.5000",
    "requiredMarginPercent": "5.0000",
    "baseAsset": "DOT",
    "quoteAsset": "USD",
    "pricePrecision": 3,
    "quantityPrecision": 0,
    "baseAssetPrecision": 8,
    "quotePrecision": 8,
    "equalQtyPrecision": 4,
    "maxMoveOrderLimit": 10000,
    "triggerProtect": "0.0500",
    "underlyingType": "COIN",
    "underlyingSubType": [],
    "filters": [
      {
        "minPrice": "0.400",
        "maxPrice": "3000",
        "filterType": "PRICE_FILTER",
        "tickSize": "0.001"
      },
      {
        "stepSize": "1",
        "filterType": "LOT_SIZE",
        "maxQty": "1000000",
        "minQty": "1"
      },
      {
        "stepSize": "1",
        "filterType": "MARKET_LOT_SIZE",
        "maxQty": "5000",
        "minQty": "1"
      },
      { "limit": 200, "filterType": "MAX_NUM_ORDERS" },
      { "limit": 20, "filterType": "MAX_NUM_ALGO_ORDERS" },
      {
        "multiplierDown": "0.9500",
        "multiplierUp": "1.0500",
        "multiplierDecimal": "4",
        "filterType": "PERCENT_PRICE"
      }
    ],
    "orderTypes": [
      "LIMIT",
      "MARKET",
      "STOP",
      "STOP_MARKET",
      "TAKE_PROFIT",
      "TAKE_PROFIT_MARKET",
      "TRAILING_STOP_MARKET"
    ],
    "timeInForce": ["GTC", "IOC", "FOK", "GTX"],
    "liquidationFee": "0.010000",
    "marketTakeBound": "0.05"
  },
  {
    "symbol": "XRPUSD_240628",
    "pair": "XRPUSD",
    "contractType": "NEXT_QUARTER",
    "deliveryDate": 1719561600000,
    "onboardDate": 1703836800000,
    "contractStatus": "TRADING",
    "contractSize": 10,
    "marginAsset": "XRP",
    "maintMarginPercent": "2.5000",
    "requiredMarginPercent": "5.0000",
    "baseAsset": "XRP",
    "quoteAsset": "USD",
    "pricePrecision": 4,
    "quantityPrecision": 0,
    "baseAssetPrecision": 8,
    "quotePrecision": 8,
    "equalQtyPrecision": 4,
    "maxMoveOrderLimit": 10000,
    "triggerProtect": "0.0500",
    "underlyingType": "COIN",
    "underlyingSubType": [],
    "filters": [
      {
        "minPrice": "0.0150",
        "maxPrice": "115",
        "filterType": "PRICE_FILTER",
        "tickSize": "0.0001"
      },
      {
        "stepSize": "1",
        "filterType": "LOT_SIZE",
        "maxQty": "100000",
        "minQty": "1"
      },
      {
        "stepSize": "1",
        "filterType": "MARKET_LOT_SIZE",
        "maxQty": "2000",
        "minQty": "1"
      },
      { "limit": 200, "filterType": "MAX_NUM_ORDERS" },
      { "limit": 20, "filterType": "MAX_NUM_ALGO_ORDERS" },
      {
        "multiplierDown": "0.9500",
        "multiplierUp": "1.0500",
        "multiplierDecimal": "4",
        "filterType": "PERCENT_PRICE"
      }
    ],
    "orderTypes": [
      "LIMIT",
      "MARKET",
      "STOP",
      "STOP_MARKET",
      "TAKE_PROFIT",
      "TAKE_PROFIT_MARKET",
      "TRAILING_STOP_MARKET"
    ],
    "timeInForce": ["GTC", "IOC", "FOK", "GTX"],
    "liquidationFee": "0.010000",
    "marketTakeBound": "0.05"
  },
  {
    "symbol": "LTCUSD_240628",
    "pair": "LTCUSD",
    "contractType": "NEXT_QUARTER",
    "deliveryDate": 1719561600000,
    "onboardDate": 1703836800000,
    "contractStatus": "TRADING",
    "contractSize": 10,
    "marginAsset": "LTC",
    "maintMarginPercent": "2.5000",
    "requiredMarginPercent": "5.0000",
    "baseAsset": "LTC",
    "quoteAsset": "USD",
    "pricePrecision": 2,
    "quantityPrecision": 0,
    "baseAssetPrecision": 8,
    "quotePrecision": 8,
    "equalQtyPrecision": 4,
    "maxMoveOrderLimit": 10000,
    "triggerProtect": "0.0500",
    "underlyingType": "COIN",
    "underlyingSubType": [],
    "filters": [
      {
        "minPrice": "3.80",
        "maxPrice": "17562",
        "filterType": "PRICE_FILTER",
        "tickSize": "0.01"
      },
      {
        "stepSize": "1",
        "filterType": "LOT_SIZE",
        "maxQty": "1000000",
        "minQty": "1"
      },
      {
        "stepSize": "1",
        "filterType": "MARKET_LOT_SIZE",
        "maxQty": "5000",
        "minQty": "1"
      },
      { "limit": 200, "filterType": "MAX_NUM_ORDERS" },
      { "limit": 20, "filterType": "MAX_NUM_ALGO_ORDERS" },
      {
        "multiplierDown": "0.9500",
        "multiplierUp": "1.0500",
        "multiplierDecimal": "4",
        "filterType": "PERCENT_PRICE"
      }
    ],
    "orderTypes": [
      "LIMIT",
      "MARKET",
      "STOP",
      "STOP_MARKET",
      "TAKE_PROFIT",
      "TAKE_PROFIT_MARKET",
      "TRAILING_STOP_MARKET"
    ],
    "timeInForce": ["GTC", "IOC", "FOK", "GTX"],
    "liquidationFee": "0.010000",
    "marketTakeBound": "0.05"
  },
  {
    "symbol": "BNBUSD_240628",
    "pair": "BNBUSD",
    "contractType": "NEXT_QUARTER",
    "deliveryDate": 1719561600000,
    "onboardDate": 1703836800000,
    "contractStatus": "TRADING",
    "contractSize": 10,
    "marginAsset": "BNB",
    "maintMarginPercent": "2.5000",
    "requiredMarginPercent": "5.0000",
    "baseAsset": "BNB",
    "quoteAsset": "USD",
    "pricePrecision": 3,
    "quantityPrecision": 0,
    "baseAssetPrecision": 8,
    "quotePrecision": 8,
    "equalQtyPrecision": 4,
    "maxMoveOrderLimit": 10000,
    "triggerProtect": "0.0500",
    "underlyingType": "COIN",
    "underlyingSubType": [],
    "filters": [
      {
        "minPrice": "7",
        "maxPrice": "41461",
        "filterType": "PRICE_FILTER",
        "tickSize": "0.010"
      },
      {
        "stepSize": "1",
        "filterType": "LOT_SIZE",
        "maxQty": "1000000",
        "minQty": "1"
      },
      {
        "stepSize": "1",
        "filterType": "MARKET_LOT_SIZE",
        "maxQty": "5000",
        "minQty": "1"
      },
      { "limit": 200, "filterType": "MAX_NUM_ORDERS" },
      { "limit": 20, "filterType": "MAX_NUM_ALGO_ORDERS" },
      {
        "multiplierDown": "0.9500",
        "multiplierUp": "1.0500",
        "multiplierDecimal": "4",
        "filterType": "PERCENT_PRICE"
      }
    ],
    "orderTypes": [
      "LIMIT",
      "MARKET",
      "STOP",
      "STOP_MARKET",
      "TAKE_PROFIT",
      "TAKE_PROFIT_MARKET",
      "TRAILING_STOP_MARKET"
    ],
    "timeInForce": ["GTC", "IOC", "FOK", "GTX"],
    "liquidationFee": "0.010000",
    "marketTakeBound": "0.05"
  }
]
